_input,_num,_widgetName,_source,_resultNumber,_pageUrl,city,state,est_pop_2013,est_pop_2013/_source,location
webpage/url:http://en.wikipedia.org/wiki/List_of_United_States_cities_by_population|,1,wikipedia us population info,wikipedia us population info,1,http://en.wikipedia.org/wiki/List_of_United_States_cities_by_population,New York,New York,8405837,8405837,40.6643°N 73.9385°W
webpage/url:http://en.wikipedia.org/wiki/List_of_United_States_cities_by_population|,2,wikipedia us population info,wikipedia us population info,2,http://en.wikipedia.org/wiki/List_of_United_States_cities_by_population,Los Angeles,California,3884307,3884307,34.0194°N 118.4108°W
webpage/url:http://en.wikipedia.org/wiki/List_of_United_States_cities_by_population|,3,wikipedia us population info,wikipedia us population info,3,http://en.wikipedia.org/wiki/List_of_United_States_cities_by_population,Chicago,Illinois,2718782,2718782,41.8376°N 87.6818°W
webpage/url:http://en.wikipedia.org/wiki/List_of_United_States_cities_by_population|,4,wikipedia us population info,wikipedia us population info,4,http://en.wikipedia.org/wiki/List_of_United_States_cities_by_population,Houston,Texas,2195914,2195914,29.7805°N 95.3863°W
webpage/url:http://en.wikipedia.org/wiki/List_of_United_States_cities_by_population|,5,wikipedia us population info,wikipedia us population info,5,http://en.wikipedia.org/wiki/List_of_United_States_cities_by_population,Philadelphia,Pennsylvania,1553165,1553165,40.0094°N 75.1333°W
webpage/url:http://en.wikipedia.org/wiki/List_of_United_States_cities_by_population|,6,wikipedia us population info,wikipedia us population info,6,http://en.wikipedia.org/wiki/List_of_United_States_cities_by_population,Phoenix,Arizona,1513367,1513367,33.5722°N 112.0880°W
webpage/url:http://en.wikipedia.org/wiki/List_of_United_States_cities_by_population|,7,wikipedia us population info,wikipedia us population info,7,http://en.wikipedia.org/wiki/List_of_United_States_cities_by_population,San Antonio,Texas,1409019,1409019,29.4724°N 98.5251°W
webpage/url:http://en.wikipedia.org/wiki/List_of_United_States_cities_by_population|,8,wikipedia us population info,wikipedia us population info,8,http://en.wikipedia.org/wiki/List_of_United_States_cities_by_population,San Diego,California,1355896,1355896,32.8153°N 117.1350°W
webpage/url:http://en.wikipedia.org/wiki/List_of_United_States_cities_by_population|,9,wikipedia us population info,wikipedia us population info,9,http://en.wikipedia.org/wiki/List_of_United_States_cities_by_population,Dallas,Texas,1257676,1257676,32.7757°N 96.7967°W
webpage/url:http://en.wikipedia.org/wiki/List_of_United_States_cities_by_population|,10,wikipedia us population info,wikipedia us population info,10,http://en.wikipedia.org/wiki/List_of_United_States_cities_by_population,San Jose,California,998537,998537,37.2969°N 121.8193°W
webpage/url:http://en.wikipedia.org/wiki/List_of_United_States_cities_by_population|,11,wikipedia us population info,wikipedia us population info,11,http://en.wikipedia.org/wiki/List_of_United_States_cities_by_population,Austin,Texas,885400,885400,30.3072°N 97.7560°W
webpage/url:http://en.wikipedia.org/wiki/List_of_United_States_cities_by_population|,12,wikipedia us population info,wikipedia us population info,12,http://en.wikipedia.org/wiki/List_of_United_States_cities_by_population,Indianapolis,Indiana,843393,843393,39.7767°N 86.1459°W
webpage/url:http://en.wikipedia.org/wiki/List_of_United_States_cities_by_population|,13,wikipedia us population info,wikipedia us population info,13,http://en.wikipedia.org/wiki/List_of_United_States_cities_by_population,Jacksonville,Florida,842583,842583,30.3370°N 81.6613°W
webpage/url:http://en.wikipedia.org/wiki/List_of_United_States_cities_by_population|,14,wikipedia us population info,wikipedia us population info,14,http://en.wikipedia.org/wiki/List_of_United_States_cities_by_population,San Francisco,California,837442,837442,37.7751°N 122.4193°W
webpage/url:http://en.wikipedia.org/wiki/List_of_United_States_cities_by_population|,15,wikipedia us population info,wikipedia us population info,15,http://en.wikipedia.org/wiki/List_of_United_States_cities_by_population,Columbus,Ohio,822553,822553,39.9848°N 82.9850°W
webpage/url:http://en.wikipedia.org/wiki/List_of_United_States_cities_by_population|,16,wikipedia us population info,wikipedia us population info,16,http://en.wikipedia.org/wiki/List_of_United_States_cities_by_population,Charlotte,North Carolina,792862,792862,35.2087°N 80.8307°W
webpage/url:http://en.wikipedia.org/wiki/List_of_United_States_cities_by_population|,17,wikipedia us population info,wikipedia us population info,17,http://en.wikipedia.org/wiki/List_of_United_States_cities_by_population,Fort Worth,Texas,792727,792727,32.7795°N 97.3463°W
webpage/url:http://en.wikipedia.org/wiki/List_of_United_States_cities_by_population|,18,wikipedia us population info,wikipedia us population info,18,http://en.wikipedia.org/wiki/List_of_United_States_cities_by_population,Detroit,Michigan,688701,688701,42.3830°N 83.1022°W
webpage/url:http://en.wikipedia.org/wiki/List_of_United_States_cities_by_population|,19,wikipedia us population info,wikipedia us population info,19,http://en.wikipedia.org/wiki/List_of_United_States_cities_by_population,El Paso,Texas,674433,674433,31.8484°N 106.4270°W
webpage/url:http://en.wikipedia.org/wiki/List_of_United_States_cities_by_population|,20,wikipedia us population info,wikipedia us population info,20,http://en.wikipedia.org/wiki/List_of_United_States_cities_by_population,Memphis,Tennessee,653450,653450,35.1035°N 89.9785°W
webpage/url:http://en.wikipedia.org/wiki/List_of_United_States_cities_by_population|,21,wikipedia us population info,wikipedia us population info,21,http://en.wikipedia.org/wiki/List_of_United_States_cities_by_population,Seattle,Washington,652405,652405,47.6205°N 122.3509°W
webpage/url:http://en.wikipedia.org/wiki/List_of_United_States_cities_by_population|,22,wikipedia us population info,wikipedia us population info,22,http://en.wikipedia.org/wiki/List_of_United_States_cities_by_population,Denver,Colorado,649495,649495,39.7618°N 104.8806°W
webpage/url:http://en.wikipedia.org/wiki/List_of_United_States_cities_by_population|,23,wikipedia us population info,wikipedia us population info,23,http://en.wikipedia.org/wiki/List_of_United_States_cities_by_population,Washington,,646449,646449,38.9041°N 77.0171°W
webpage/url:http://en.wikipedia.org/wiki/List_of_United_States_cities_by_population|,24,wikipedia us population info,wikipedia us population info,24,http://en.wikipedia.org/wiki/List_of_United_States_cities_by_population,Boston,Massachusetts,645966,645966,42.3320°N 71.0202°W
webpage/url:http://en.wikipedia.org/wiki/List_of_United_States_cities_by_population|,25,wikipedia us population info,wikipedia us population info,25,http://en.wikipedia.org/wiki/List_of_United_States_cities_by_population,Nashville,Tennessee,634464,634464,36.1718°N 86.7850°W
webpage/url:http://en.wikipedia.org/wiki/List_of_United_States_cities_by_population|,26,wikipedia us population info,wikipedia us population info,26,http://en.wikipedia.org/wiki/List_of_United_States_cities_by_population,Baltimore,Maryland,622104,622104,39.3002°N 76.6105°W
webpage/url:http://en.wikipedia.org/wiki/List_of_United_States_cities_by_population|,27,wikipedia us population info,wikipedia us population info,27,http://en.wikipedia.org/wiki/List_of_United_States_cities_by_population,Oklahoma City,Oklahoma,610613,610613,35.4671°N 97.5137°W
webpage/url:http://en.wikipedia.org/wiki/List_of_United_States_cities_by_population|,28,wikipedia us population info,wikipedia us population info,28,http://en.wikipedia.org/wiki/List_of_United_States_cities_by_population,Louisville,Kentucky,609893,609893,38.1781°N 85.6667°W
webpage/url:http://en.wikipedia.org/wiki/List_of_United_States_cities_by_population|,29,wikipedia us population info,wikipedia us population info,29,http://en.wikipedia.org/wiki/List_of_United_States_cities_by_population,Portland,Oregon,609456,609456,45.5370°N 122.6500°W
webpage/url:http://en.wikipedia.org/wiki/List_of_United_States_cities_by_population|,30,wikipedia us population info,wikipedia us population info,30,http://en.wikipedia.org/wiki/List_of_United_States_cities_by_population,Las Vegas,Nevada,603488,603488,36.2277°N 115.2640°W
webpage/url:http://en.wikipedia.org/wiki/List_of_United_States_cities_by_population|,31,wikipedia us population info,wikipedia us population info,31,http://en.wikipedia.org/wiki/List_of_United_States_cities_by_population,Milwaukee,Wisconsin,599164,599164,43.0633°N 87.9667°W
webpage/url:http://en.wikipedia.org/wiki/List_of_United_States_cities_by_population|,32,wikipedia us population info,wikipedia us population info,32,http://en.wikipedia.org/wiki/List_of_United_States_cities_by_population,Albuquerque,New Mexico,556495,556495,35.1056°N 106.6474°W
webpage/url:http://en.wikipedia.org/wiki/List_of_United_States_cities_by_population|,33,wikipedia us population info,wikipedia us population info,33,http://en.wikipedia.org/wiki/List_of_United_States_cities_by_population,Tucson,Arizona,526116,526116,32.1543°N 110.8711°W
webpage/url:http://en.wikipedia.org/wiki/List_of_United_States_cities_by_population|,34,wikipedia us population info,wikipedia us population info,34,http://en.wikipedia.org/wiki/List_of_United_States_cities_by_population,Fresno,California,509924,509924,36.7827°N 119.7945°W
webpage/url:http://en.wikipedia.org/wiki/List_of_United_States_cities_by_population|,35,wikipedia us population info,wikipedia us population info,35,http://en.wikipedia.org/wiki/List_of_United_States_cities_by_population,Sacramento,California,479686,479686,38.5666°N 121.4686°W
webpage/url:http://en.wikipedia.org/wiki/List_of_United_States_cities_by_population|,36,wikipedia us population info,wikipedia us population info,36,http://en.wikipedia.org/wiki/List_of_United_States_cities_by_population,Long Beach,California,469428,469428,33.8091°N 118.1553°W
webpage/url:http://en.wikipedia.org/wiki/List_of_United_States_cities_by_population|,37,wikipedia us population info,wikipedia us population info,37,http://en.wikipedia.org/wiki/List_of_United_States_cities_by_population,Kansas City,Missouri,467007,467007,39.1252°N 94.5511°W
webpage/url:http://en.wikipedia.org/wiki/List_of_United_States_cities_by_population|,38,wikipedia us population info,wikipedia us population info,38,http://en.wikipedia.org/wiki/List_of_United_States_cities_by_population,Mesa,Arizona,457587,457587,33.4019°N 111.7174°W
webpage/url:http://en.wikipedia.org/wiki/List_of_United_States_cities_by_population|,39,wikipedia us population info,wikipedia us population info,39,http://en.wikipedia.org/wiki/List_of_United_States_cities_by_population,,Virginia,448479,448479,36.7793°N 76.0240°W
webpage/url:http://en.wikipedia.org/wiki/List_of_United_States_cities_by_population|,40,wikipedia us population info,wikipedia us population info,40,http://en.wikipedia.org/wiki/List_of_United_States_cities_by_population,Atlanta,Georgia,447841,447841,33.7629°N 84.4227°W
webpage/url:http://en.wikipedia.org/wiki/List_of_United_States_cities_by_population|,41,wikipedia us population info,wikipedia us population info,41,http://en.wikipedia.org/wiki/List_of_United_States_cities_by_population,Colorado Springs,Colorado,439886,439886,38.8673°N 104.7607°W
webpage/url:http://en.wikipedia.org/wiki/List_of_United_States_cities_by_population|,42,wikipedia us population info,wikipedia us population info,42,http://en.wikipedia.org/wiki/List_of_United_States_cities_by_population,Omaha,Nebraska,434353,434353,41.2647°N 96.0419°W
webpage/url:http://en.wikipedia.org/wiki/List_of_United_States_cities_by_population|,43,wikipedia us population info,wikipedia us population info,43,http://en.wikipedia.org/wiki/List_of_United_States_cities_by_population,Raleigh,North Carolina,431746,431746,35.8302°N 78.6414°W
webpage/url:http://en.wikipedia.org/wiki/List_of_United_States_cities_by_population|,44,wikipedia us population info,wikipedia us population info,44,http://en.wikipedia.org/wiki/List_of_United_States_cities_by_population,Miami,Florida,417650,417650,25.7752°N 80.2086°W
webpage/url:http://en.wikipedia.org/wiki/List_of_United_States_cities_by_population|,45,wikipedia us population info,wikipedia us population info,45,http://en.wikipedia.org/wiki/List_of_United_States_cities_by_population,Oakland,California,406253,406253,37.7699°N 122.2256°W
webpage/url:http://en.wikipedia.org/wiki/List_of_United_States_cities_by_population|,46,wikipedia us population info,wikipedia us population info,46,http://en.wikipedia.org/wiki/List_of_United_States_cities_by_population,Minneapolis,Minnesota,400070,400070,44.9633°N 93.2683°W
webpage/url:http://en.wikipedia.org/wiki/List_of_United_States_cities_by_population|,47,wikipedia us population info,wikipedia us population info,47,http://en.wikipedia.org/wiki/List_of_United_States_cities_by_population,Tulsa,Oklahoma,398121,398121,36.1279°N 95.9023°W
webpage/url:http://en.wikipedia.org/wiki/List_of_United_States_cities_by_population|,48,wikipedia us population info,wikipedia us population info,48,http://en.wikipedia.org/wiki/List_of_United_States_cities_by_population,Cleveland,Ohio,390113,390113,41.4781°N 81.6795°W
webpage/url:http://en.wikipedia.org/wiki/List_of_United_States_cities_by_population|,49,wikipedia us population info,wikipedia us population info,49,http://en.wikipedia.org/wiki/List_of_United_States_cities_by_population,Wichita,Kansas,386552,386552,37.6907°N 97.3427°W
webpage/url:http://en.wikipedia.org/wiki/List_of_United_States_cities_by_population|,50,wikipedia us population info,wikipedia us population info,50,http://en.wikipedia.org/wiki/List_of_United_States_cities_by_population,Arlington,Texas,379577,379577,32.7007°N 97.1247°W
webpage/url:http://en.wikipedia.org/wiki/List_of_United_States_cities_by_population|,51,wikipedia us population info,wikipedia us population info,51,http://en.wikipedia.org/wiki/List_of_United_States_cities_by_population,New Orleans,Louisiana,378715,378715,30.0686°N 89.9390°W
webpage/url:http://en.wikipedia.org/wiki/List_of_United_States_cities_by_population|,52,wikipedia us population info,wikipedia us population info,52,http://en.wikipedia.org/wiki/List_of_United_States_cities_by_population,Bakersfield,California,363630,363630,35.3212°N 119.0183°W
webpage/url:http://en.wikipedia.org/wiki/List_of_United_States_cities_by_population|,53,wikipedia us population info,wikipedia us population info,53,http://en.wikipedia.org/wiki/List_of_United_States_cities_by_population,Tampa,Florida,352957,352957,27.9701°N 82.4797°W
webpage/url:http://en.wikipedia.org/wiki/List_of_United_States_cities_by_population|,54,wikipedia us population info,wikipedia us population info,54,http://en.wikipedia.org/wiki/List_of_United_States_cities_by_population,Honolulu,Hawai'i,347884,347884,21.3259°N 157.8453°W
webpage/url:http://en.wikipedia.org/wiki/List_of_United_States_cities_by_population|,55,wikipedia us population info,wikipedia us population info,55,http://en.wikipedia.org/wiki/List_of_United_States_cities_by_population,Aurora,Colorado,345803,345803,39.7082°N 104.8235°W
webpage/url:http://en.wikipedia.org/wiki/List_of_United_States_cities_by_population|,56,wikipedia us population info,wikipedia us population info,56,http://en.wikipedia.org/wiki/List_of_United_States_cities_by_population,Anaheim,California,345012,345012,33.8555°N 117.7601°W
webpage/url:http://en.wikipedia.org/wiki/List_of_United_States_cities_by_population|,57,wikipedia us population info,wikipedia us population info,57,http://en.wikipedia.org/wiki/List_of_United_States_cities_by_population,Santa Ana,California,334227,334227,33.7365°N 117.8826°W
webpage/url:http://en.wikipedia.org/wiki/List_of_United_States_cities_by_population|,58,wikipedia us population info,wikipedia us population info,58,http://en.wikipedia.org/wiki/List_of_United_States_cities_by_population,St. Louis,Missouri,318416,318416,38.6357°N 90.2446°W
webpage/url:http://en.wikipedia.org/wiki/List_of_United_States_cities_by_population|,59,wikipedia us population info,wikipedia us population info,59,http://en.wikipedia.org/wiki/List_of_United_States_cities_by_population,Riverside,California,316619,316619,33.9381°N 117.3932°W
webpage/url:http://en.wikipedia.org/wiki/List_of_United_States_cities_by_population|,60,wikipedia us population info,wikipedia us population info,60,http://en.wikipedia.org/wiki/List_of_United_States_cities_by_population,Corpus Christi,Texas,316381,316381,27.7543°N 97.1734°W
webpage/url:http://en.wikipedia.org/wiki/List_of_United_States_cities_by_population|,61,wikipedia us population info,wikipedia us population info,61,http://en.wikipedia.org/wiki/List_of_United_States_cities_by_population,Lexington,Kentucky,308428,308428,38.0402°N 84.4584°W
webpage/url:http://en.wikipedia.org/wiki/List_of_United_States_cities_by_population|,62,wikipedia us population info,wikipedia us population info,62,http://en.wikipedia.org/wiki/List_of_United_States_cities_by_population,Pittsburgh,Pennsylvania,305841,305841,40.4398°N 79.9766°W
webpage/url:http://en.wikipedia.org/wiki/List_of_United_States_cities_by_population|,63,wikipedia us population info,wikipedia us population info,63,http://en.wikipedia.org/wiki/List_of_United_States_cities_by_population,Anchorage,Alaska,300950,300950,61.2176°N 149.8953°W
webpage/url:http://en.wikipedia.org/wiki/List_of_United_States_cities_by_population|,64,wikipedia us population info,wikipedia us population info,64,http://en.wikipedia.org/wiki/List_of_United_States_cities_by_population,Stockton,California,298118,298118,37.9763°N 121.3133°W
webpage/url:http://en.wikipedia.org/wiki/List_of_United_States_cities_by_population|,65,wikipedia us population info,wikipedia us population info,65,http://en.wikipedia.org/wiki/List_of_United_States_cities_by_population,Cincinnati,Ohio,297517,297517,39.1399°N 84.5064°W
webpage/url:http://en.wikipedia.org/wiki/List_of_United_States_cities_by_population|,66,wikipedia us population info,wikipedia us population info,66,http://en.wikipedia.org/wiki/List_of_United_States_cities_by_population,,Minnesota,294873,294873,44.9489°N 93.1039°W
webpage/url:http://en.wikipedia.org/wiki/List_of_United_States_cities_by_population|,67,wikipedia us population info,wikipedia us population info,67,http://en.wikipedia.org/wiki/List_of_United_States_cities_by_population,Toledo,Ohio,282313,282313,41.6641°N 83.5819°W
webpage/url:http://en.wikipedia.org/wiki/List_of_United_States_cities_by_population|,68,wikipedia us population info,wikipedia us population info,68,http://en.wikipedia.org/wiki/List_of_United_States_cities_by_population,Greensboro,North Carolina,279639,279639,36.0965°N 79.8271°W
webpage/url:http://en.wikipedia.org/wiki/List_of_United_States_cities_by_population|,69,wikipedia us population info,wikipedia us population info,69,http://en.wikipedia.org/wiki/List_of_United_States_cities_by_population,Newark,New Jersey,278427,278427,40.7242°N 74.1726°W
webpage/url:http://en.wikipedia.org/wiki/List_of_United_States_cities_by_population|,70,wikipedia us population info,wikipedia us population info,70,http://en.wikipedia.org/wiki/List_of_United_States_cities_by_population,Plano,Texas,274409,274409,33.0508°N 96.7479°W
webpage/url:http://en.wikipedia.org/wiki/List_of_United_States_cities_by_population|,71,wikipedia us population info,wikipedia us population info,71,http://en.wikipedia.org/wiki/List_of_United_States_cities_by_population,Henderson,Nevada,270811,270811,36.0122°N 115.0375°W
webpage/url:http://en.wikipedia.org/wiki/List_of_United_States_cities_by_population|,72,wikipedia us population info,wikipedia us population info,72,http://en.wikipedia.org/wiki/List_of_United_States_cities_by_population,Lincoln,Nebraska,268738,268738,40.8090°N 96.6804°W
webpage/url:http://en.wikipedia.org/wiki/List_of_United_States_cities_by_population|,73,wikipedia us population info,wikipedia us population info,73,http://en.wikipedia.org/wiki/List_of_United_States_cities_by_population,Buffalo,New York,258959,258959,42.8925°N 78.8597°W
webpage/url:http://en.wikipedia.org/wiki/List_of_United_States_cities_by_population|,74,wikipedia us population info,wikipedia us population info,74,http://en.wikipedia.org/wiki/List_of_United_States_cities_by_population,Jersey City,New Jersey,257342,257342,40.7114°N 74.0648°W
webpage/url:http://en.wikipedia.org/wiki/List_of_United_States_cities_by_population|,75,wikipedia us population info,wikipedia us population info,75,http://en.wikipedia.org/wiki/List_of_United_States_cities_by_population,Chula Vista,California,256780,256780,32.6277°N 117.0152°W
webpage/url:http://en.wikipedia.org/wiki/List_of_United_States_cities_by_population|,76,wikipedia us population info,wikipedia us population info,76,http://en.wikipedia.org/wiki/List_of_United_States_cities_by_population,Fort Wayne,Indiana,256496,256496,41.0882°N 85.1439°W
webpage/url:http://en.wikipedia.org/wiki/List_of_United_States_cities_by_population|,77,wikipedia us population info,wikipedia us population info,77,http://en.wikipedia.org/wiki/List_of_United_States_cities_by_population,Orlando,Florida,255483,255483,28.4159°N 81.2988°W
webpage/url:http://en.wikipedia.org/wiki/List_of_United_States_cities_by_population|,78,wikipedia us population info,wikipedia us population info,78,http://en.wikipedia.org/wiki/List_of_United_States_cities_by_population,St. Petersburg,Florida,249688,249688,27.7620°N 82.6441°W
webpage/url:http://en.wikipedia.org/wiki/List_of_United_States_cities_by_population|,79,wikipedia us population info,wikipedia us population info,79,http://en.wikipedia.org/wiki/List_of_United_States_cities_by_population,Chandler,Arizona,249146,249146,33.2829°N 111.8549°W
webpage/url:http://en.wikipedia.org/wiki/List_of_United_States_cities_by_population|,80,wikipedia us population info,wikipedia us population info,80,http://en.wikipedia.org/wiki/List_of_United_States_cities_by_population,Laredo,Texas,248142,248142,27.5477°N 99.4869°W
webpage/url:http://en.wikipedia.org/wiki/List_of_United_States_cities_by_population|,81,wikipedia us population info,wikipedia us population info,81,http://en.wikipedia.org/wiki/List_of_United_States_cities_by_population,Norfolk,Virginia,246139,246139,36.9230°N 76.2446°W
webpage/url:http://en.wikipedia.org/wiki/List_of_United_States_cities_by_population|,82,wikipedia us population info,wikipedia us population info,82,http://en.wikipedia.org/wiki/List_of_United_States_cities_by_population,Durham,North Carolina,245475,245475,35.9810°N 78.9056°W
webpage/url:http://en.wikipedia.org/wiki/List_of_United_States_cities_by_population|,83,wikipedia us population info,wikipedia us population info,83,http://en.wikipedia.org/wiki/List_of_United_States_cities_by_population,Madison,Wisconsin,243344,243344,43.0878°N 89.4301°W
webpage/url:http://en.wikipedia.org/wiki/List_of_United_States_cities_by_population|,84,wikipedia us population info,wikipedia us population info,84,http://en.wikipedia.org/wiki/List_of_United_States_cities_by_population,Lubbock,Texas,239538,239538,33.5665°N 101.8867°W
webpage/url:http://en.wikipedia.org/wiki/List_of_United_States_cities_by_population|,85,wikipedia us population info,wikipedia us population info,85,http://en.wikipedia.org/wiki/List_of_United_States_cities_by_population,Irvine,California,236716,236716,33.6784°N 117.7713°W
webpage/url:http://en.wikipedia.org/wiki/List_of_United_States_cities_by_population|,86,wikipedia us population info,wikipedia us population info,86,http://en.wikipedia.org/wiki/List_of_United_States_cities_by_population,,North Carolina,236441,236441,36.1033°N 80.2606°W
webpage/url:http://en.wikipedia.org/wiki/List_of_United_States_cities_by_population|,87,wikipedia us population info,wikipedia us population info,87,http://en.wikipedia.org/wiki/List_of_United_States_cities_by_population,Glendale,Arizona,234632,234632,33.5331°N 112.1899°W
webpage/url:http://en.wikipedia.org/wiki/List_of_United_States_cities_by_population|,88,wikipedia us population info,wikipedia us population info,88,http://en.wikipedia.org/wiki/List_of_United_States_cities_by_population,Garland,Texas,234566,234566,32.9098°N 96.6304°W
webpage/url:http://en.wikipedia.org/wiki/List_of_United_States_cities_by_population|,89,wikipedia us population info,wikipedia us population info,89,http://en.wikipedia.org/wiki/List_of_United_States_cities_by_population,Hialeah,Florida,233394,233394,25.8699°N 80.3029°W
webpage/url:http://en.wikipedia.org/wiki/List_of_United_States_cities_by_population|,90,wikipedia us population info,wikipedia us population info,90,http://en.wikipedia.org/wiki/List_of_United_States_cities_by_population,Reno,Nevada,233294,233294,39.4745°N 119.7765°W
webpage/url:http://en.wikipedia.org/wiki/List_of_United_States_cities_by_population|,91,wikipedia us population info,wikipedia us population info,91,http://en.wikipedia.org/wiki/List_of_United_States_cities_by_population,Chesapeake,Virginia,230571,230571,36.6794°N 76.3018°W
webpage/url:http://en.wikipedia.org/wiki/List_of_United_States_cities_by_population|,92,wikipedia us population info,wikipedia us population info,92,http://en.wikipedia.org/wiki/List_of_United_States_cities_by_population,Gilbert,Arizona,229972,229972,33.3102°N 111.7422°W
webpage/url:http://en.wikipedia.org/wiki/List_of_United_States_cities_by_population|,93,wikipedia us population info,wikipedia us population info,93,http://en.wikipedia.org/wiki/List_of_United_States_cities_by_population,Baton Rouge,Louisiana,229426,229426,30.4485°N 91.1259°W
webpage/url:http://en.wikipedia.org/wiki/List_of_United_States_cities_by_population|,94,wikipedia us population info,wikipedia us population info,94,http://en.wikipedia.org/wiki/List_of_United_States_cities_by_population,Irving,Texas,228653,228653,32.8577°N 96.9700°W
webpage/url:http://en.wikipedia.org/wiki/List_of_United_States_cities_by_population|,95,wikipedia us population info,wikipedia us population info,95,http://en.wikipedia.org/wiki/List_of_United_States_cities_by_population,Scottsdale,Arizona,226918,226918,33.6687°N 111.8237°W
webpage/url:http://en.wikipedia.org/wiki/List_of_United_States_cities_by_population|,96,wikipedia us population info,wikipedia us population info,96,http://en.wikipedia.org/wiki/List_of_United_States_cities_by_population,North Las Vegas,Nevada,226877,226877,36.2830°N 115.0893°W
webpage/url:http://en.wikipedia.org/wiki/List_of_United_States_cities_by_population|,97,wikipedia us population info,wikipedia us population info,97,http://en.wikipedia.org/wiki/List_of_United_States_cities_by_population,Fremont,California,224922,224922,37.4944°N 121.9411°W
webpage/url:http://en.wikipedia.org/wiki/List_of_United_States_cities_by_population|,98,wikipedia us population info,wikipedia us population info,98,http://en.wikipedia.org/wiki/List_of_United_States_cities_by_population,Boise,Idaho,214237,214237,43.5985°N 116.2311°W
webpage/url:http://en.wikipedia.org/wiki/List_of_United_States_cities_by_population|,99,wikipedia us population info,wikipedia us population info,99,http://en.wikipedia.org/wiki/List_of_United_States_cities_by_population,Richmond,Virginia,214114,214114,37.5314°N 77.4760°W
webpage/url:http://en.wikipedia.org/wiki/List_of_United_States_cities_by_population|,100,wikipedia us population info,wikipedia us population info,100,http://en.wikipedia.org/wiki/List_of_United_States_cities_by_population,San Bernardino,California,213708,213708,34.1393°N 117.2953°W
webpage/url:http://en.wikipedia.org/wiki/List_of_United_States_cities_by_population|,101,wikipedia us population info,wikipedia us population info,101,http://en.wikipedia.org/wiki/List_of_United_States_cities_by_population,Birmingham,Alabama,212113,212113,33.5274°N 86.7990°W
webpage/url:http://en.wikipedia.org/wiki/List_of_United_States_cities_by_population|,102,wikipedia us population info,wikipedia us population info,102,http://en.wikipedia.org/wiki/List_of_United_States_cities_by_population,Spokane,Washington,210721,210721,47.6736°N 117.4166°W
webpage/url:http://en.wikipedia.org/wiki/List_of_United_States_cities_by_population|,103,wikipedia us population info,wikipedia us population info,103,http://en.wikipedia.org/wiki/List_of_United_States_cities_by_population,Rochester,New York,210358,210358,43.1699°N 77.6169°W
webpage/url:http://en.wikipedia.org/wiki/List_of_United_States_cities_by_population|,104,wikipedia us population info,wikipedia us population info,104,http://en.wikipedia.org/wiki/List_of_United_States_cities_by_population,Des Moines,Iowa,207510,207510,41.5739°N 93.6167°W
webpage/url:http://en.wikipedia.org/wiki/List_of_United_States_cities_by_population|,105,wikipedia us population info,wikipedia us population info,105,http://en.wikipedia.org/wiki/List_of_United_States_cities_by_population,Modesto,California,204933,204933,37.6609°N 120.9891°W
webpage/url:http://en.wikipedia.org/wiki/List_of_United_States_cities_by_population|,106,wikipedia us population info,wikipedia us population info,106,http://en.wikipedia.org/wiki/List_of_United_States_cities_by_population,Fayetteville,North Carolina,204408,204408,35.0851°N 78.9803°W
webpage/url:http://en.wikipedia.org/wiki/List_of_United_States_cities_by_population|,107,wikipedia us population info,wikipedia us population info,107,http://en.wikipedia.org/wiki/List_of_United_States_cities_by_population,Tacoma,Washington,203446,203446,47.2522°N 122.4598°W
webpage/url:http://en.wikipedia.org/wiki/List_of_United_States_cities_by_population|,108,wikipedia us population info,wikipedia us population info,108,http://en.wikipedia.org/wiki/List_of_United_States_cities_by_population,Oxnard,California,203007,203007,34.2023°N 119.2046°W
webpage/url:http://en.wikipedia.org/wiki/List_of_United_States_cities_by_population|,109,wikipedia us population info,wikipedia us population info,109,http://en.wikipedia.org/wiki/List_of_United_States_cities_by_population,Fontana,California,203003,203003,34.1088°N 117.4627°W
webpage/url:http://en.wikipedia.org/wiki/List_of_United_States_cities_by_population|,110,wikipedia us population info,wikipedia us population info,110,http://en.wikipedia.org/wiki/List_of_United_States_cities_by_population,Columbus,Georgia,202824,202824,32.5102°N 84.8749°W
webpage/url:http://en.wikipedia.org/wiki/List_of_United_States_cities_by_population|,111,wikipedia us population info,wikipedia us population info,111,http://en.wikipedia.org/wiki/List_of_United_States_cities_by_population,Montgomery,Alabama,201332,201332,32.3463°N 86.2686°W
webpage/url:http://en.wikipedia.org/wiki/List_of_United_States_cities_by_population|,112,wikipedia us population info,wikipedia us population info,112,http://en.wikipedia.org/wiki/List_of_United_States_cities_by_population,Moreno Valley,California,201175,201175,33.9233°N 117.2057°W
webpage/url:http://en.wikipedia.org/wiki/List_of_United_States_cities_by_population|,113,wikipedia us population info,wikipedia us population info,113,http://en.wikipedia.org/wiki/List_of_United_States_cities_by_population,Shreveport,Louisiana,200327,200327,32.4670°N 93.7927°W
webpage/url:http://en.wikipedia.org/wiki/List_of_United_States_cities_by_population|,114,wikipedia us population info,wikipedia us population info,114,http://en.wikipedia.org/wiki/List_of_United_States_cities_by_population,Aurora,Illinois,199963,199963,41.7635°N 88.2901°W
webpage/url:http://en.wikipedia.org/wiki/List_of_United_States_cities_by_population|,115,wikipedia us population info,wikipedia us population info,115,http://en.wikipedia.org/wiki/List_of_United_States_cities_by_population,Yonkers,New York,199766,199766,40.9459°N 73.8674°W
webpage/url:http://en.wikipedia.org/wiki/List_of_United_States_cities_by_population|,116,wikipedia us population info,wikipedia us population info,116,http://en.wikipedia.org/wiki/List_of_United_States_cities_by_population,Akron,Ohio,198100,198100,41.0805°N 81.5214°W
webpage/url:http://en.wikipedia.org/wiki/List_of_United_States_cities_by_population|,117,wikipedia us population info,wikipedia us population info,117,http://en.wikipedia.org/wiki/List_of_United_States_cities_by_population,Huntington Beach,California,197575,197575,33.6906°N 118.0093°W
webpage/url:http://en.wikipedia.org/wiki/List_of_United_States_cities_by_population|,118,wikipedia us population info,wikipedia us population info,118,http://en.wikipedia.org/wiki/List_of_United_States_cities_by_population,Little Rock,Arkansas,197357,197357,34.7254°N 92.3586°W
webpage/url:http://en.wikipedia.org/wiki/List_of_United_States_cities_by_population|,119,wikipedia us population info,wikipedia us population info,119,http://en.wikipedia.org/wiki/List_of_United_States_cities_by_population,Augusta,Georgia,197350,197350,33.3655°N 82.0734°W
webpage/url:http://en.wikipedia.org/wiki/List_of_United_States_cities_by_population|,120,wikipedia us population info,wikipedia us population info,120,http://en.wikipedia.org/wiki/List_of_United_States_cities_by_population,Amarillo,Texas,196429,196429,35.1978°N 101.8287°W
webpage/url:http://en.wikipedia.org/wiki/List_of_United_States_cities_by_population|,121,wikipedia us population info,wikipedia us population info,121,http://en.wikipedia.org/wiki/List_of_United_States_cities_by_population,Glendale,California,196021,196021,34.1814°N 118.2458°W
webpage/url:http://en.wikipedia.org/wiki/List_of_United_States_cities_by_population|,122,wikipedia us population info,wikipedia us population info,122,http://en.wikipedia.org/wiki/List_of_United_States_cities_by_population,Mobile,Alabama,194899,194899,30.6684°N 88.1002°W
webpage/url:http://en.wikipedia.org/wiki/List_of_United_States_cities_by_population|,123,wikipedia us population info,wikipedia us population info,123,http://en.wikipedia.org/wiki/List_of_United_States_cities_by_population,Grand Rapids,Michigan,192294,192294,42.9612°N 85.6556°W
webpage/url:http://en.wikipedia.org/wiki/List_of_United_States_cities_by_population|,124,wikipedia us population info,wikipedia us population info,124,http://en.wikipedia.org/wiki/List_of_United_States_cities_by_population,Salt Lake City,Utah,191180,191180,40.7785°N 111.9314°W
webpage/url:http://en.wikipedia.org/wiki/List_of_United_States_cities_by_population|,125,wikipedia us population info,wikipedia us population info,125,http://en.wikipedia.org/wiki/List_of_United_States_cities_by_population,Tallahassee,Florida,186411,186411,30.4551°N 84.2534°W
webpage/url:http://en.wikipedia.org/wiki/List_of_United_States_cities_by_population|,126,wikipedia us population info,wikipedia us population info,126,http://en.wikipedia.org/wiki/List_of_United_States_cities_by_population,Huntsville,Alabama,186254,186254,34.7843°N 86.5390°W
webpage/url:http://en.wikipedia.org/wiki/List_of_United_States_cities_by_population|,127,wikipedia us population info,wikipedia us population info,127,http://en.wikipedia.org/wiki/List_of_United_States_cities_by_population,Grand Prairie,Texas,183372,183372,32.6842°N 97.0210°W
webpage/url:http://en.wikipedia.org/wiki/List_of_United_States_cities_by_population|,128,wikipedia us population info,wikipedia us population info,128,http://en.wikipedia.org/wiki/List_of_United_States_cities_by_population,Knoxville,Tennessee,183270,183270,35.9709°N 83.9465°W
webpage/url:http://en.wikipedia.org/wiki/List_of_United_States_cities_by_population|,129,wikipedia us population info,wikipedia us population info,129,http://en.wikipedia.org/wiki/List_of_United_States_cities_by_population,Worcester,Massachusetts,182544,182544,42.2695°N 71.8078°W
webpage/url:http://en.wikipedia.org/wiki/List_of_United_States_cities_by_population|,130,wikipedia us population info,wikipedia us population info,130,http://en.wikipedia.org/wiki/List_of_United_States_cities_by_population,Newport News,Virginia,182020,182020,37.0760°N 76.5217°W
webpage/url:http://en.wikipedia.org/wiki/List_of_United_States_cities_by_population|,131,wikipedia us population info,wikipedia us population info,131,http://en.wikipedia.org/wiki/List_of_United_States_cities_by_population,Brownsville,Texas,181860,181860,26.0183°N 97.4538°W
webpage/url:http://en.wikipedia.org/wiki/List_of_United_States_cities_by_population|,132,wikipedia us population info,wikipedia us population info,132,http://en.wikipedia.org/wiki/List_of_United_States_cities_by_population,Overland Park,Kansas,181260,181260,38.8890°N 94.6906°W
webpage/url:http://en.wikipedia.org/wiki/List_of_United_States_cities_by_population|,133,wikipedia us population info,wikipedia us population info,133,http://en.wikipedia.org/wiki/List_of_United_States_cities_by_population,Santa Clarita,California,179590,179590,34.4049°N 118.5047°W
webpage/url:http://en.wikipedia.org/wiki/List_of_United_States_cities_by_population|,134,wikipedia us population info,wikipedia us population info,134,http://en.wikipedia.org/wiki/List_of_United_States_cities_by_population,Providence,Rhode Island,177994,177994,41.8231°N 71.4188°W
webpage/url:http://en.wikipedia.org/wiki/List_of_United_States_cities_by_population|,135,wikipedia us population info,wikipedia us population info,135,http://en.wikipedia.org/wiki/List_of_United_States_cities_by_population,Garden Grove,California,175140,175140,33.7788°N 117.9605°W
webpage/url:http://en.wikipedia.org/wiki/List_of_United_States_cities_by_population|,136,wikipedia us population info,wikipedia us population info,136,http://en.wikipedia.org/wiki/List_of_United_States_cities_by_population,Chattanooga,Tennessee,173366,173366,35.0665°N 85.2471°W
webpage/url:http://en.wikipedia.org/wiki/List_of_United_States_cities_by_population|,137,wikipedia us population info,wikipedia us population info,137,http://en.wikipedia.org/wiki/List_of_United_States_cities_by_population,Oceanside,California,172794,172794,33.2246°N 117.3062°W
webpage/url:http://en.wikipedia.org/wiki/List_of_United_States_cities_by_population|,138,wikipedia us population info,wikipedia us population info,138,http://en.wikipedia.org/wiki/List_of_United_States_cities_by_population,Jackson,Mississippi,172638,172638,32.3158°N 90.2128°W
webpage/url:http://en.wikipedia.org/wiki/List_of_United_States_cities_by_population|,139,wikipedia us population info,wikipedia us population info,139,http://en.wikipedia.org/wiki/List_of_United_States_cities_by_population,Fort Lauderdale,Florida,172389,172389,26.1413°N 80.1439°W
webpage/url:http://en.wikipedia.org/wiki/List_of_United_States_cities_by_population|,140,wikipedia us population info,wikipedia us population info,140,http://en.wikipedia.org/wiki/List_of_United_States_cities_by_population,Santa Rosa,California,171990,171990,38.4468°N 122.7061°W
webpage/url:http://en.wikipedia.org/wiki/List_of_United_States_cities_by_population|,141,wikipedia us population info,wikipedia us population info,141,http://en.wikipedia.org/wiki/List_of_United_States_cities_by_population,Rancho Cucamonga,California,171386,171386,34.1233°N 117.5642°W
webpage/url:http://en.wikipedia.org/wiki/List_of_United_States_cities_by_population|,142,wikipedia us population info,wikipedia us population info,142,http://en.wikipedia.org/wiki/List_of_United_States_cities_by_population,Port St. Lucie,Florida,171016,171016,27.2810°N 80.3838°W
webpage/url:http://en.wikipedia.org/wiki/List_of_United_States_cities_by_population|,143,wikipedia us population info,wikipedia us population info,143,http://en.wikipedia.org/wiki/List_of_United_States_cities_by_population,Tempe,Arizona,168228,168228,33.3884°N 111.9318°W
webpage/url:http://en.wikipedia.org/wiki/List_of_United_States_cities_by_population|,144,wikipedia us population info,wikipedia us population info,144,http://en.wikipedia.org/wiki/List_of_United_States_cities_by_population,Ontario,California,167500,167500,34.0395°N 117.6088°W
webpage/url:http://en.wikipedia.org/wiki/List_of_United_States_cities_by_population|,145,wikipedia us population info,wikipedia us population info,145,http://en.wikipedia.org/wiki/List_of_United_States_cities_by_population,Vancouver,Washington,167405,167405,45.6372°N 122.5965°W
webpage/url:http://en.wikipedia.org/wiki/List_of_United_States_cities_by_population|,146,wikipedia us population info,wikipedia us population info,146,http://en.wikipedia.org/wiki/List_of_United_States_cities_by_population,Cape Coral,Florida,165831,165831,26.6431°N 81.9973°W
webpage/url:http://en.wikipedia.org/wiki/List_of_United_States_cities_by_population|,147,wikipedia us population info,wikipedia us population info,147,http://en.wikipedia.org/wiki/List_of_United_States_cities_by_population,Sioux Falls,South Dakota,164676,164676,43.5383°N 96.7320°W
webpage/url:http://en.wikipedia.org/wiki/List_of_United_States_cities_by_population|,148,wikipedia us population info,wikipedia us population info,148,http://en.wikipedia.org/wiki/List_of_United_States_cities_by_population,Springfield,Missouri,164122,164122,37.1942°N 93.2913°W
webpage/url:http://en.wikipedia.org/wiki/List_of_United_States_cities_by_population|,149,wikipedia us population info,wikipedia us population info,149,http://en.wikipedia.org/wiki/List_of_United_States_cities_by_population,Peoria,Arizona,162592,162592,33.7877°N 112.3111°W
webpage/url:http://en.wikipedia.org/wiki/List_of_United_States_cities_by_population|,150,wikipedia us population info,wikipedia us population info,150,http://en.wikipedia.org/wiki/List_of_United_States_cities_by_population,Pembroke Pines,Florida,162329,162329,26.0212°N 80.3404°W
webpage/url:http://en.wikipedia.org/wiki/List_of_United_States_cities_by_population|,151,wikipedia us population info,wikipedia us population info,151,http://en.wikipedia.org/wiki/List_of_United_States_cities_by_population,Elk Grove,California,161007,161007,38.4144°N 121.3849°W
webpage/url:http://en.wikipedia.org/wiki/List_of_United_States_cities_by_population|,152,wikipedia us population info,wikipedia us population info,152,http://en.wikipedia.org/wiki/List_of_United_States_cities_by_population,Salem,Oregon,160614,160614,44.9237°N 123.0231°W
webpage/url:http://en.wikipedia.org/wiki/List_of_United_States_cities_by_population|,153,wikipedia us population info,wikipedia us population info,153,http://en.wikipedia.org/wiki/List_of_United_States_cities_by_population,Lancaster,California,159523,159523,34.6936°N 118.1753°W
webpage/url:http://en.wikipedia.org/wiki/List_of_United_States_cities_by_population|,154,wikipedia us population info,wikipedia us population info,154,http://en.wikipedia.org/wiki/List_of_United_States_cities_by_population,Corona,California,159503,159503,33.8624°N 117.5639°W
webpage/url:http://en.wikipedia.org/wiki/List_of_United_States_cities_by_population|,155,wikipedia us population info,wikipedia us population info,155,http://en.wikipedia.org/wiki/List_of_United_States_cities_by_population,Eugene,Oregon,159190,159190,44.0567°N 123.1162°W
webpage/url:http://en.wikipedia.org/wiki/List_of_United_States_cities_by_population|,156,wikipedia us population info,wikipedia us population info,156,http://en.wikipedia.org/wiki/List_of_United_States_cities_by_population,Palmdale,California,157161,157161,34.5913°N 118.1090°W
webpage/url:http://en.wikipedia.org/wiki/List_of_United_States_cities_by_population|,157,wikipedia us population info,wikipedia us population info,157,http://en.wikipedia.org/wiki/List_of_United_States_cities_by_population,Salinas,California,155662,155662,36.6902°N 121.6337°W
webpage/url:http://en.wikipedia.org/wiki/List_of_United_States_cities_by_population|,158,wikipedia us population info,wikipedia us population info,158,http://en.wikipedia.org/wiki/List_of_United_States_cities_by_population,Springfield,Massachusetts,153703,153703,42.1155°N 72.5400°W
webpage/url:http://en.wikipedia.org/wiki/List_of_United_States_cities_by_population|,159,wikipedia us population info,wikipedia us population info,159,http://en.wikipedia.org/wiki/List_of_United_States_cities_by_population,Pasadena,Texas,152735,152735,29.6583°N 95.1505°W
webpage/url:http://en.wikipedia.org/wiki/List_of_United_States_cities_by_population|,160,wikipedia us population info,wikipedia us population info,160,http://en.wikipedia.org/wiki/List_of_United_States_cities_by_population,Fort Collins,Colorado,152061,152061,40.5482°N 105.0648°W
webpage/url:http://en.wikipedia.org/wiki/List_of_United_States_cities_by_population|,161,wikipedia us population info,wikipedia us population info,161,http://en.wikipedia.org/wiki/List_of_United_States_cities_by_population,Hayward,California,151574,151574,37.6281°N 122.1063°W
webpage/url:http://en.wikipedia.org/wiki/List_of_United_States_cities_by_population|,162,wikipedia us population info,wikipedia us population info,162,http://en.wikipedia.org/wiki/List_of_United_States_cities_by_population,Pomona,California,151348,151348,34.0586°N 117.7613°W
webpage/url:http://en.wikipedia.org/wiki/List_of_United_States_cities_by_population|,163,wikipedia us population info,wikipedia us population info,163,http://en.wikipedia.org/wiki/List_of_United_States_cities_by_population,Cary,North Carolina,151088,151088,35.7821°N 78.8141°W
webpage/url:http://en.wikipedia.org/wiki/List_of_United_States_cities_by_population|,164,wikipedia us population info,wikipedia us population info,164,http://en.wikipedia.org/wiki/List_of_United_States_cities_by_population,Rockford,Illinois,150251,150251,42.2634°N 89.0628°W
webpage/url:http://en.wikipedia.org/wiki/List_of_United_States_cities_by_population|,165,wikipedia us population info,wikipedia us population info,165,http://en.wikipedia.org/wiki/List_of_United_States_cities_by_population,Alexandria,Virginia,148892,148892,38.8183°N 77.0820°W
webpage/url:http://en.wikipedia.org/wiki/List_of_United_States_cities_by_population|,166,wikipedia us population info,wikipedia us population info,166,http://en.wikipedia.org/wiki/List_of_United_States_cities_by_population,Escondido,California,148738,148738,33.1336°N 117.0732°W
webpage/url:http://en.wikipedia.org/wiki/List_of_United_States_cities_by_population|,167,wikipedia us population info,wikipedia us population info,167,http://en.wikipedia.org/wiki/List_of_United_States_cities_by_population,McKinney,Texas,148559,148559,33.2012°N 96.6680°W
webpage/url:http://en.wikipedia.org/wiki/List_of_United_States_cities_by_population|,168,wikipedia us population info,wikipedia us population info,168,http://en.wikipedia.org/wiki/List_of_United_States_cities_by_population,Kansas City,Kansas,148483,148483,39.1225°N 94.7418°W
webpage/url:http://en.wikipedia.org/wiki/List_of_United_States_cities_by_population|,169,wikipedia us population info,wikipedia us population info,169,http://en.wikipedia.org/wiki/List_of_United_States_cities_by_population,Joliet,Illinois,147806,147806,41.5181°N 88.1584°W
webpage/url:http://en.wikipedia.org/wiki/List_of_United_States_cities_by_population|,170,wikipedia us population info,wikipedia us population info,170,http://en.wikipedia.org/wiki/List_of_United_States_cities_by_population,Sunnyvale,California,147559,147559,37.3858°N 122.0263°W
webpage/url:http://en.wikipedia.org/wiki/List_of_United_States_cities_by_population|,171,wikipedia us population info,wikipedia us population info,171,http://en.wikipedia.org/wiki/List_of_United_States_cities_by_population,Torrance,California,147478,147478,33.8350°N 118.3414°W
webpage/url:http://en.wikipedia.org/wiki/List_of_United_States_cities_by_population|,172,wikipedia us population info,wikipedia us population info,172,http://en.wikipedia.org/wiki/List_of_United_States_cities_by_population,Bridgeport,Connecticut,147216,147216,41.1874°N 73.1957°W
webpage/url:http://en.wikipedia.org/wiki/List_of_United_States_cities_by_population|,173,wikipedia us population info,wikipedia us population info,173,http://en.wikipedia.org/wiki/List_of_United_States_cities_by_population,Lakewood,Colorado,147214,147214,39.6989°N 105.1176°W
webpage/url:http://en.wikipedia.org/wiki/List_of_United_States_cities_by_population|,174,wikipedia us population info,wikipedia us population info,174,http://en.wikipedia.org/wiki/List_of_United_States_cities_by_population,Hollywood,Florida,146526,146526,26.0311°N 80.1646°W
webpage/url:http://en.wikipedia.org/wiki/List_of_United_States_cities_by_population|,175,wikipedia us population info,wikipedia us population info,175,http://en.wikipedia.org/wiki/List_of_United_States_cities_by_population,Paterson,New Jersey,145948,145948,40.9147°N 74.1628°W
webpage/url:http://en.wikipedia.org/wiki/List_of_United_States_cities_by_population|,176,wikipedia us population info,wikipedia us population info,176,http://en.wikipedia.org/wiki/List_of_United_States_cities_by_population,Naperville,Illinois,144864,144864,41.7492°N 88.1620°W
webpage/url:http://en.wikipedia.org/wiki/List_of_United_States_cities_by_population|,177,wikipedia us population info,wikipedia us population info,177,http://en.wikipedia.org/wiki/List_of_United_States_cities_by_population,Syracuse,New York,144669,144669,43.0410°N 76.1436°W
webpage/url:http://en.wikipedia.org/wiki/List_of_United_States_cities_by_population|,178,wikipedia us population info,wikipedia us population info,178,http://en.wikipedia.org/wiki/List_of_United_States_cities_by_population,Mesquite,Texas,143484,143484,32.7639°N 96.5924°W
webpage/url:http://en.wikipedia.org/wiki/List_of_United_States_cities_by_population|,179,wikipedia us population info,wikipedia us population info,179,http://en.wikipedia.org/wiki/List_of_United_States_cities_by_population,Dayton,Ohio,143355,143355,39.7774°N 84.1996°W
webpage/url:http://en.wikipedia.org/wiki/List_of_United_States_cities_by_population|,180,wikipedia us population info,wikipedia us population info,180,http://en.wikipedia.org/wiki/List_of_United_States_cities_by_population,Savannah,Georgia,142772,142772,32.0025°N 81.1536°W
webpage/url:http://en.wikipedia.org/wiki/List_of_United_States_cities_by_population|,181,wikipedia us population info,wikipedia us population info,181,http://en.wikipedia.org/wiki/List_of_United_States_cities_by_population,Clarksville,Tennessee,142357,142357,36.5664°N 87.3452°W
webpage/url:http://en.wikipedia.org/wiki/List_of_United_States_cities_by_population|,182,wikipedia us population info,wikipedia us population info,182,http://en.wikipedia.org/wiki/List_of_United_States_cities_by_population,Orange,California,139969,139969,33.8048°N 117.8249°W
webpage/url:http://en.wikipedia.org/wiki/List_of_United_States_cities_by_population|,183,wikipedia us population info,wikipedia us population info,183,http://en.wikipedia.org/wiki/List_of_United_States_cities_by_population,Pasadena,California,139731,139731,34.1606°N 118.1396°W
webpage/url:http://en.wikipedia.org/wiki/List_of_United_States_cities_by_population|,184,wikipedia us population info,wikipedia us population info,184,http://en.wikipedia.org/wiki/List_of_United_States_cities_by_population,Fullerton,California,138981,138981,33.8857°N 117.9280°W
webpage/url:http://en.wikipedia.org/wiki/List_of_United_States_cities_by_population|,185,wikipedia us population info,wikipedia us population info,185,http://en.wikipedia.org/wiki/List_of_United_States_cities_by_population,Killeen,Texas,137147,137147,31.0777°N 97.7320°W
webpage/url:http://en.wikipedia.org/wiki/List_of_United_States_cities_by_population|,186,wikipedia us population info,wikipedia us population info,186,http://en.wikipedia.org/wiki/List_of_United_States_cities_by_population,Frisco,Texas,136791,136791,33.1510°N 96.8193°W
webpage/url:http://en.wikipedia.org/wiki/List_of_United_States_cities_by_population|,187,wikipedia us population info,wikipedia us population info,187,http://en.wikipedia.org/wiki/List_of_United_States_cities_by_population,Hampton,Virginia,136699,136699,37.0480°N 76.2971°W
webpage/url:http://en.wikipedia.org/wiki/List_of_United_States_cities_by_population|,188,wikipedia us population info,wikipedia us population info,188,http://en.wikipedia.org/wiki/List_of_United_States_cities_by_population,McAllen,Texas,136639,136639,26.2185°N 98.2461°W
webpage/url:http://en.wikipedia.org/wiki/List_of_United_States_cities_by_population|,189,wikipedia us population info,wikipedia us population info,189,http://en.wikipedia.org/wiki/List_of_United_States_cities_by_population,Warren,Michigan,134873,134873,42.4929°N 83.0250°W
webpage/url:http://en.wikipedia.org/wiki/List_of_United_States_cities_by_population|,190,wikipedia us population info,wikipedia us population info,190,http://en.wikipedia.org/wiki/List_of_United_States_cities_by_population,Bellevue,Washington,133992,133992,47.5978°N 122.1565°W
webpage/url:http://en.wikipedia.org/wiki/List_of_United_States_cities_by_population|,191,wikipedia us population info,wikipedia us population info,191,http://en.wikipedia.org/wiki/List_of_United_States_cities_by_population,West Valley City,Utah,133579,133579,40.6885°N 112.0118°W
webpage/url:http://en.wikipedia.org/wiki/List_of_United_States_cities_by_population|,192,wikipedia us population info,wikipedia us population info,192,http://en.wikipedia.org/wiki/List_of_United_States_cities_by_population,Columbia,South Carolina,133358,133358,34.0298°N 80.8966°W
webpage/url:http://en.wikipedia.org/wiki/List_of_United_States_cities_by_population|,193,wikipedia us population info,wikipedia us population info,193,http://en.wikipedia.org/wiki/List_of_United_States_cities_by_population,Olathe,Kansas,131885,131885,38.8843°N 94.8188°W
webpage/url:http://en.wikipedia.org/wiki/List_of_United_States_cities_by_population|,194,wikipedia us population info,wikipedia us population info,194,http://en.wikipedia.org/wiki/List_of_United_States_cities_by_population,Sterling Heights,Michigan,131224,131224,42.5812°N 83.0303°W
webpage/url:http://en.wikipedia.org/wiki/List_of_United_States_cities_by_population|,195,wikipedia us population info,wikipedia us population info,195,http://en.wikipedia.org/wiki/List_of_United_States_cities_by_population,New Haven,Connecticut,130660,130660,41.3108°N 72.9250°W
webpage/url:http://en.wikipedia.org/wiki/List_of_United_States_cities_by_population|,196,wikipedia us population info,wikipedia us population info,196,http://en.wikipedia.org/wiki/List_of_United_States_cities_by_population,Miramar,Florida,130288,130288,25.9770°N 80.3358°W
webpage/url:http://en.wikipedia.org/wiki/List_of_United_States_cities_by_population|,197,wikipedia us population info,wikipedia us population info,197,http://en.wikipedia.org/wiki/List_of_United_States_cities_by_population,Waco,Texas,129030,129030,31.5601°N 97.1860°W
webpage/url:http://en.wikipedia.org/wiki/List_of_United_States_cities_by_population|,198,wikipedia us population info,wikipedia us population info,198,http://en.wikipedia.org/wiki/List_of_United_States_cities_by_population,Thousand Oaks,California,128731,128731,34.1933°N 118.8742°W
webpage/url:http://en.wikipedia.org/wiki/List_of_United_States_cities_by_population|,199,wikipedia us population info,wikipedia us population info,199,http://en.wikipedia.org/wiki/List_of_United_States_cities_by_population,Cedar Rapids,Iowa,128429,128429,41.9670°N 91.6778°W
webpage/url:http://en.wikipedia.org/wiki/List_of_United_States_cities_by_population|,200,wikipedia us population info,wikipedia us population info,200,http://en.wikipedia.org/wiki/List_of_United_States_cities_by_population,Charleston,South Carolina,127999,127999,32.8179°N 79.9589°W
webpage/url:http://en.wikipedia.org/wiki/List_of_United_States_cities_by_population|,201,wikipedia us population info,wikipedia us population info,201,http://en.wikipedia.org/wiki/List_of_United_States_cities_by_population,Visalia,California,127763,127763,36.3272°N 119.3234°W
webpage/url:http://en.wikipedia.org/wiki/List_of_United_States_cities_by_population|,202,wikipedia us population info,wikipedia us population info,202,http://en.wikipedia.org/wiki/List_of_United_States_cities_by_population,Topeka,Kansas,127679,127679,39.0362°N 95.6948°W
webpage/url:http://en.wikipedia.org/wiki/List_of_United_States_cities_by_population|,203,wikipedia us population info,wikipedia us population info,203,http://en.wikipedia.org/wiki/List_of_United_States_cities_by_population,Elizabeth,New Jersey,127558,127558,40.6663°N 74.1935°W
webpage/url:http://en.wikipedia.org/wiki/List_of_United_States_cities_by_population|,204,wikipedia us population info,wikipedia us population info,204,http://en.wikipedia.org/wiki/List_of_United_States_cities_by_population,Gainesville,Florida,127488,127488,29.6788°N 82.3459°W
webpage/url:http://en.wikipedia.org/wiki/List_of_United_States_cities_by_population|,205,wikipedia us population info,wikipedia us population info,205,http://en.wikipedia.org/wiki/List_of_United_States_cities_by_population,Thornton,Colorado,127359,127359,39.9180°N 104.9454°W
webpage/url:http://en.wikipedia.org/wiki/List_of_United_States_cities_by_population|,206,wikipedia us population info,wikipedia us population info,206,http://en.wikipedia.org/wiki/List_of_United_States_cities_by_population,Roseville,California,127035,127035,38.7657°N 121.3032°W
webpage/url:http://en.wikipedia.org/wiki/List_of_United_States_cities_by_population|,207,wikipedia us population info,wikipedia us population info,207,http://en.wikipedia.org/wiki/List_of_United_States_cities_by_population,Carrollton,Texas,126700,126700,32.9884°N 96.8998°W
webpage/url:http://en.wikipedia.org/wiki/List_of_United_States_cities_by_population|,208,wikipedia us population info,wikipedia us population info,208,http://en.wikipedia.org/wiki/List_of_United_States_cities_by_population,Coral Springs,Florida,126604,126604,26.2708°N 80.2593°W
webpage/url:http://en.wikipedia.org/wiki/List_of_United_States_cities_by_population|,209,wikipedia us population info,wikipedia us population info,209,http://en.wikipedia.org/wiki/List_of_United_States_cities_by_population,Stamford,Connecticut,126456,126456,41.0799°N 73.5460°W
webpage/url:http://en.wikipedia.org/wiki/List_of_United_States_cities_by_population|,210,wikipedia us population info,wikipedia us population info,210,http://en.wikipedia.org/wiki/List_of_United_States_cities_by_population,Simi Valley,California,126181,126181,34.2669°N 118.7485°W
webpage/url:http://en.wikipedia.org/wiki/List_of_United_States_cities_by_population|,211,wikipedia us population info,wikipedia us population info,211,http://en.wikipedia.org/wiki/List_of_United_States_cities_by_population,Concord,California,125880,125880,37.9722°N 122.0016°W
webpage/url:http://en.wikipedia.org/wiki/List_of_United_States_cities_by_population|,212,wikipedia us population info,wikipedia us population info,212,http://en.wikipedia.org/wiki/List_of_United_States_cities_by_population,Hartford,Connecticut,125017,125017,41.7660°N 72.6833°W
webpage/url:http://en.wikipedia.org/wiki/List_of_United_States_cities_by_population|,213,wikipedia us population info,wikipedia us population info,213,http://en.wikipedia.org/wiki/List_of_United_States_cities_by_population,Kent,Washington,124435,124435,47.3853°N 122.2169°W
webpage/url:http://en.wikipedia.org/wiki/List_of_United_States_cities_by_population|,214,wikipedia us population info,wikipedia us population info,214,http://en.wikipedia.org/wiki/List_of_United_States_cities_by_population,Lafayette,Louisiana,124276,124276,30.2116°N 92.0314°W
webpage/url:http://en.wikipedia.org/wiki/List_of_United_States_cities_by_population|,215,wikipedia us population info,wikipedia us population info,215,http://en.wikipedia.org/wiki/List_of_United_States_cities_by_population,Midland,Texas,123933,123933,32.0299°N 102.1097°W
webpage/url:http://en.wikipedia.org/wiki/List_of_United_States_cities_by_population|,216,wikipedia us population info,wikipedia us population info,216,http://en.wikipedia.org/wiki/List_of_United_States_cities_by_population,Surprise,Arizona,123546,123546,33.6706°N 112.4527°W
webpage/url:http://en.wikipedia.org/wiki/List_of_United_States_cities_by_population|,217,wikipedia us population info,wikipedia us population info,217,http://en.wikipedia.org/wiki/List_of_United_States_cities_by_population,Denton,Texas,123099,123099,33.2151°N 97.1417°W
webpage/url:http://en.wikipedia.org/wiki/List_of_United_States_cities_by_population|,218,wikipedia us population info,wikipedia us population info,218,http://en.wikipedia.org/wiki/List_of_United_States_cities_by_population,Victorville,California,121096,121096,34.5277°N 117.3536°W
webpage/url:http://en.wikipedia.org/wiki/List_of_United_States_cities_by_population|,219,wikipedia us population info,wikipedia us population info,219,http://en.wikipedia.org/wiki/List_of_United_States_cities_by_population,Evansville,Indiana,120310,120310,37.9877°N 87.5347°W
webpage/url:http://en.wikipedia.org/wiki/List_of_United_States_cities_by_population|,220,wikipedia us population info,wikipedia us population info,220,http://en.wikipedia.org/wiki/List_of_United_States_cities_by_population,Santa Clara,California,120245,120245,37.3646°N 121.9679°W
webpage/url:http://en.wikipedia.org/wiki/List_of_United_States_cities_by_population|,221,wikipedia us population info,wikipedia us population info,221,http://en.wikipedia.org/wiki/List_of_United_States_cities_by_population,Abilene,Texas,120099,120099,32.4545°N 99.7381°W
webpage/url:http://en.wikipedia.org/wiki/List_of_United_States_cities_by_population|,222,wikipedia us population info,wikipedia us population info,222,http://en.wikipedia.org/wiki/List_of_United_States_cities_by_population,Athens,Georgia,119980,119980,33.9496°N 83.3701°W
webpage/url:http://en.wikipedia.org/wiki/List_of_United_States_cities_by_population|,223,wikipedia us population info,wikipedia us population info,223,http://en.wikipedia.org/wiki/List_of_United_States_cities_by_population,Vallejo,California,118837,118837,38.1079°N 122.2639°W
webpage/url:http://en.wikipedia.org/wiki/List_of_United_States_cities_by_population|,224,wikipedia us population info,wikipedia us population info,224,http://en.wikipedia.org/wiki/List_of_United_States_cities_by_population,Allentown,Pennsylvania,118577,118577,40.5940°N 75.4782°W
webpage/url:http://en.wikipedia.org/wiki/List_of_United_States_cities_by_population|,225,wikipedia us population info,wikipedia us population info,225,http://en.wikipedia.org/wiki/List_of_United_States_cities_by_population,Norman,Oklahoma,118197,118197,35.2406°N 97.3453°W
webpage/url:http://en.wikipedia.org/wiki/List_of_United_States_cities_by_population|,226,wikipedia us population info,wikipedia us population info,226,http://en.wikipedia.org/wiki/List_of_United_States_cities_by_population,Beaumont,Texas,117796,117796,30.0843°N 94.1458°W
webpage/url:http://en.wikipedia.org/wiki/List_of_United_States_cities_by_population|,227,wikipedia us population info,wikipedia us population info,227,http://en.wikipedia.org/wiki/List_of_United_States_cities_by_population,Independence,Missouri,117240,117240,39.0853°N 94.3513°W
webpage/url:http://en.wikipedia.org/wiki/List_of_United_States_cities_by_population|,228,wikipedia us population info,wikipedia us population info,228,http://en.wikipedia.org/wiki/List_of_United_States_cities_by_population,Murfreesboro,Tennessee,117044,117044,35.8522°N 86.4161°W
webpage/url:http://en.wikipedia.org/wiki/List_of_United_States_cities_by_population|,229,wikipedia us population info,wikipedia us population info,229,http://en.wikipedia.org/wiki/List_of_United_States_cities_by_population,Ann Arbor,Michigan,117025,117025,42.2756°N 83.7313°W
webpage/url:http://en.wikipedia.org/wiki/List_of_United_States_cities_by_population|,230,wikipedia us population info,wikipedia us population info,230,http://en.wikipedia.org/wiki/List_of_United_States_cities_by_population,Springfield,Illinois,117006,117006,39.7639°N 89.6708°W
webpage/url:http://en.wikipedia.org/wiki/List_of_United_States_cities_by_population|,231,wikipedia us population info,wikipedia us population info,231,http://en.wikipedia.org/wiki/List_of_United_States_cities_by_population,Berkeley,California,116768,116768,37.8667°N 122.2991°W
webpage/url:http://en.wikipedia.org/wiki/List_of_United_States_cities_by_population|,232,wikipedia us population info,wikipedia us population info,232,http://en.wikipedia.org/wiki/List_of_United_States_cities_by_population,Peoria,Illinois,116513,116513,40.7523°N 89.6171°W
webpage/url:http://en.wikipedia.org/wiki/List_of_United_States_cities_by_population|,233,wikipedia us population info,wikipedia us population info,233,http://en.wikipedia.org/wiki/List_of_United_States_cities_by_population,Provo,Utah,116288,116288,40.2453°N 111.6448°W
webpage/url:http://en.wikipedia.org/wiki/List_of_United_States_cities_by_population|,234,wikipedia us population info,wikipedia us population info,234,http://en.wikipedia.org/wiki/List_of_United_States_cities_by_population,El Monte,California,115708,115708,34.0746°N 118.0291°W
webpage/url:http://en.wikipedia.org/wiki/List_of_United_States_cities_by_population|,235,wikipedia us population info,wikipedia us population info,235,http://en.wikipedia.org/wiki/List_of_United_States_cities_by_population,Columbia,Missouri,115276,115276,38.9479°N 92.3261°W
webpage/url:http://en.wikipedia.org/wiki/List_of_United_States_cities_by_population|,236,wikipedia us population info,wikipedia us population info,236,http://en.wikipedia.org/wiki/List_of_United_States_cities_by_population,Lansing,Michigan,113972,113972,42.7098°N 84.5562°W
webpage/url:http://en.wikipedia.org/wiki/List_of_United_States_cities_by_population|,237,wikipedia us population info,wikipedia us population info,237,http://en.wikipedia.org/wiki/List_of_United_States_cities_by_population,Fargo,North Dakota,113658,113658,46.8652°N 96.8290°W
webpage/url:http://en.wikipedia.org/wiki/List_of_United_States_cities_by_population|,238,wikipedia us population info,wikipedia us population info,238,http://en.wikipedia.org/wiki/List_of_United_States_cities_by_population,Downey,California,113242,113242,33.9382°N 118.1309°W
webpage/url:http://en.wikipedia.org/wiki/List_of_United_States_cities_by_population|,239,wikipedia us population info,wikipedia us population info,239,http://en.wikipedia.org/wiki/List_of_United_States_cities_by_population,Costa Mesa,California,112174,112174,33.6659°N 117.9123°W
webpage/url:http://en.wikipedia.org/wiki/List_of_United_States_cities_by_population|,240,wikipedia us population info,wikipedia us population info,240,http://en.wikipedia.org/wiki/List_of_United_States_cities_by_population,Wilmington,North Carolina,112067,112067,34.2092°N 77.8858°W
webpage/url:http://en.wikipedia.org/wiki/List_of_United_States_cities_by_population|,241,wikipedia us population info,wikipedia us population info,241,http://en.wikipedia.org/wiki/List_of_United_States_cities_by_population,Arvada,Colorado,111707,111707,39.8097°N 105.1066°W
webpage/url:http://en.wikipedia.org/wiki/List_of_United_States_cities_by_population|,242,wikipedia us population info,wikipedia us population info,242,http://en.wikipedia.org/wiki/List_of_United_States_cities_by_population,Inglewood,California,111542,111542,33.9561°N 118.3443°W
webpage/url:http://en.wikipedia.org/wiki/List_of_United_States_cities_by_population|,243,wikipedia us population info,wikipedia us population info,243,http://en.wikipedia.org/wiki/List_of_United_States_cities_by_population,Miami Gardens,Florida,111378,111378,25.9489°N 80.2436°W
webpage/url:http://en.wikipedia.org/wiki/List_of_United_States_cities_by_population|,244,wikipedia us population info,wikipedia us population info,244,http://en.wikipedia.org/wiki/List_of_United_States_cities_by_population,Carlsbad,California,110972,110972,33.1239°N 117.2828°W
webpage/url:http://en.wikipedia.org/wiki/List_of_United_States_cities_by_population|,245,wikipedia us population info,wikipedia us population info,245,http://en.wikipedia.org/wiki/List_of_United_States_cities_by_population,Westminster,Colorado,110945,110945,39.8822°N 105.0644°W
webpage/url:http://en.wikipedia.org/wiki/List_of_United_States_cities_by_population|,246,wikipedia us population info,wikipedia us population info,246,http://en.wikipedia.org/wiki/List_of_United_States_cities_by_population,Rochester,Minnesota,110742,110742,44.0154°N 92.4772°W
webpage/url:http://en.wikipedia.org/wiki/List_of_United_States_cities_by_population|,247,wikipedia us population info,wikipedia us population info,247,http://en.wikipedia.org/wiki/List_of_United_States_cities_by_population,Odessa,Texas,110720,110720,31.8804°N 102.3434°W
webpage/url:http://en.wikipedia.org/wiki/List_of_United_States_cities_by_population|,248,wikipedia us population info,wikipedia us population info,248,http://en.wikipedia.org/wiki/List_of_United_States_cities_by_population,Manchester,New Hampshire,110378,110378,42.9847°N 71.4439°W
webpage/url:http://en.wikipedia.org/wiki/List_of_United_States_cities_by_population|,249,wikipedia us population info,wikipedia us population info,249,http://en.wikipedia.org/wiki/List_of_United_States_cities_by_population,Elgin,Illinois,110145,110145,42.0396°N 88.3217°W
webpage/url:http://en.wikipedia.org/wiki/List_of_United_States_cities_by_population|,250,wikipedia us population info,wikipedia us population info,250,http://en.wikipedia.org/wiki/List_of_United_States_cities_by_population,West Jordan,Utah,110077,110077,40.6023°N 112.0010°W
webpage/url:http://en.wikipedia.org/wiki/List_of_United_States_cities_by_population|,251,wikipedia us population info,wikipedia us population info,251,http://en.wikipedia.org/wiki/List_of_United_States_cities_by_population,Round Rock,Texas,109821,109821,30.5237°N 97.6674°W
webpage/url:http://en.wikipedia.org/wiki/List_of_United_States_cities_by_population|,252,wikipedia us population info,wikipedia us population info,252,http://en.wikipedia.org/wiki/List_of_United_States_cities_by_population,Clearwater,Florida,109703,109703,27.9795°N 82.7663°W
webpage/url:http://en.wikipedia.org/wiki/List_of_United_States_cities_by_population|,253,wikipedia us population info,wikipedia us population info,253,http://en.wikipedia.org/wiki/List_of_United_States_cities_by_population,Waterbury,Connecticut,109676,109676,41.5585°N 73.0367°W
webpage/url:http://en.wikipedia.org/wiki/List_of_United_States_cities_by_population|,254,wikipedia us population info,wikipedia us population info,254,http://en.wikipedia.org/wiki/List_of_United_States_cities_by_population,Gresham,Oregon,109397,109397,45.5023°N 122.4416°W
webpage/url:http://en.wikipedia.org/wiki/List_of_United_States_cities_by_population|,255,wikipedia us population info,wikipedia us population info,255,http://en.wikipedia.org/wiki/List_of_United_States_cities_by_population,Fairfield,California,109320,109320,38.2568°N 122.0397°W
webpage/url:http://en.wikipedia.org/wiki/List_of_United_States_cities_by_population|,256,wikipedia us population info,wikipedia us population info,256,http://en.wikipedia.org/wiki/List_of_United_States_cities_by_population,Billings,Montana,109059,109059,45.7895°N 108.5499°W
webpage/url:http://en.wikipedia.org/wiki/List_of_United_States_cities_by_population|,257,wikipedia us population info,wikipedia us population info,257,http://en.wikipedia.org/wiki/List_of_United_States_cities_by_population,Lowell,Massachusetts,108861,108861,42.6389°N 71.3221°W
webpage/url:http://en.wikipedia.org/wiki/List_of_United_States_cities_by_population|,258,wikipedia us population info,wikipedia us population info,258,http://en.wikipedia.org/wiki/List_of_United_States_cities_by_population,Ventura,California,108817,108817,34.2681°N 119.2550°W
webpage/url:http://en.wikipedia.org/wiki/List_of_United_States_cities_by_population|,259,wikipedia us population info,wikipedia us population info,259,http://en.wikipedia.org/wiki/List_of_United_States_cities_by_population,Pueblo,Colorado,108249,108249,38.2731°N 104.6124°W
webpage/url:http://en.wikipedia.org/wiki/List_of_United_States_cities_by_population|,260,wikipedia us population info,wikipedia us population info,260,http://en.wikipedia.org/wiki/List_of_United_States_cities_by_population,High Point,North Carolina,107741,107741,35.9855°N 79.9902°W
webpage/url:http://en.wikipedia.org/wiki/List_of_United_States_cities_by_population|,261,wikipedia us population info,wikipedia us population info,261,http://en.wikipedia.org/wiki/List_of_United_States_cities_by_population,West Covina,California,107740,107740,34.0559°N 117.9099°W
webpage/url:http://en.wikipedia.org/wiki/List_of_United_States_cities_by_population|,262,wikipedia us population info,wikipedia us population info,262,http://en.wikipedia.org/wiki/List_of_United_States_cities_by_population,Richmond,California,107571,107571,37.9530°N 122.3594°W
webpage/url:http://en.wikipedia.org/wiki/List_of_United_States_cities_by_population|,263,wikipedia us population info,wikipedia us population info,263,http://en.wikipedia.org/wiki/List_of_United_States_cities_by_population,Murrieta,California,107479,107479,33.5719°N 117.1907°W
webpage/url:http://en.wikipedia.org/wiki/List_of_United_States_cities_by_population|,264,wikipedia us population info,wikipedia us population info,264,http://en.wikipedia.org/wiki/List_of_United_States_cities_by_population,Cambridge,Massachusetts,107289,107289,42.3760°N 71.1183°W
webpage/url:http://en.wikipedia.org/wiki/List_of_United_States_cities_by_population|,265,wikipedia us population info,wikipedia us population info,265,http://en.wikipedia.org/wiki/List_of_United_States_cities_by_population,Antioch,California,107100,107100,37.9775°N 121.7976°W
webpage/url:http://en.wikipedia.org/wiki/List_of_United_States_cities_by_population|,266,wikipedia us population info,wikipedia us population info,266,http://en.wikipedia.org/wiki/List_of_United_States_cities_by_population,Temecula,California,106780,106780,33.5019°N 117.1246°W
webpage/url:http://en.wikipedia.org/wiki/List_of_United_States_cities_by_population|,267,wikipedia us population info,wikipedia us population info,267,http://en.wikipedia.org/wiki/List_of_United_States_cities_by_population,Norwalk,California,106589,106589,33.9069°N 118.0834°W
webpage/url:http://en.wikipedia.org/wiki/List_of_United_States_cities_by_population|,268,wikipedia us population info,wikipedia us population info,268,http://en.wikipedia.org/wiki/List_of_United_States_cities_by_population,Centennial,Colorado,106114,106114,39.5906°N 104.8691°W
webpage/url:http://en.wikipedia.org/wiki/List_of_United_States_cities_by_population|,269,wikipedia us population info,wikipedia us population info,269,http://en.wikipedia.org/wiki/List_of_United_States_cities_by_population,Everett,Washington,105370,105370,48.0033°N 122.1742°W
webpage/url:http://en.wikipedia.org/wiki/List_of_United_States_cities_by_population|,270,wikipedia us population info,wikipedia us population info,270,http://en.wikipedia.org/wiki/List_of_United_States_cities_by_population,Palm Bay,Florida,104898,104898,27.9856°N 80.6626°W
webpage/url:http://en.wikipedia.org/wiki/List_of_United_States_cities_by_population|,271,wikipedia us population info,wikipedia us population info,271,http://en.wikipedia.org/wiki/List_of_United_States_cities_by_population,Wichita Falls,Texas,104898,104898,33.9067°N 98.5259°W
webpage/url:http://en.wikipedia.org/wiki/List_of_United_States_cities_by_population|,272,wikipedia us population info,wikipedia us population info,272,http://en.wikipedia.org/wiki/List_of_United_States_cities_by_population,Green Bay,Wisconsin,104779,104779,44.5207°N 87.9842°W
webpage/url:http://en.wikipedia.org/wiki/List_of_United_States_cities_by_population|,273,wikipedia us population info,wikipedia us population info,273,http://en.wikipedia.org/wiki/List_of_United_States_cities_by_population,Daly City,California,104739,104739,37.7009°N 122.4650°W
webpage/url:http://en.wikipedia.org/wiki/List_of_United_States_cities_by_population|,274,wikipedia us population info,wikipedia us population info,274,http://en.wikipedia.org/wiki/List_of_United_States_cities_by_population,Burbank,California,104709,104709,34.1890°N 118.3249°W
webpage/url:http://en.wikipedia.org/wiki/List_of_United_States_cities_by_population|,275,wikipedia us population info,wikipedia us population info,275,http://en.wikipedia.org/wiki/List_of_United_States_cities_by_population,Richardson,Texas,104475,104475,32.9723°N 96.7081°W
webpage/url:http://en.wikipedia.org/wiki/List_of_United_States_cities_by_population|,276,wikipedia us population info,wikipedia us population info,276,http://en.wikipedia.org/wiki/List_of_United_States_cities_by_population,Pompano Beach,Florida,104410,104410,26.2426°N 80.1290°W
webpage/url:http://en.wikipedia.org/wiki/List_of_United_States_cities_by_population|,277,wikipedia us population info,wikipedia us population info,277,http://en.wikipedia.org/wiki/List_of_United_States_cities_by_population,North Charleston,South Carolina,104054,104054,32.8853°N 80.0169°W
webpage/url:http://en.wikipedia.org/wiki/List_of_United_States_cities_by_population|,278,wikipedia us population info,wikipedia us population info,278,http://en.wikipedia.org/wiki/List_of_United_States_cities_by_population,Broken Arrow,Oklahoma,103500,103500,36.0365°N 95.7810°W
webpage/url:http://en.wikipedia.org/wiki/List_of_United_States_cities_by_population|,279,wikipedia us population info,wikipedia us population info,279,http://en.wikipedia.org/wiki/List_of_United_States_cities_by_population,Boulder,Colorado,103166,103166,40.0175°N 105.2797°W
webpage/url:http://en.wikipedia.org/wiki/List_of_United_States_cities_by_population|,280,wikipedia us population info,wikipedia us population info,280,http://en.wikipedia.org/wiki/List_of_United_States_cities_by_population,West Palm Beach,Florida,102436,102436,26.7483°N 80.1266°W
webpage/url:http://en.wikipedia.org/wiki/List_of_United_States_cities_by_population|,281,wikipedia us population info,wikipedia us population info,281,http://en.wikipedia.org/wiki/List_of_United_States_cities_by_population,Santa Maria,California,102216,102216,34.9332°N 120.4438°W
webpage/url:http://en.wikipedia.org/wiki/List_of_United_States_cities_by_population|,282,wikipedia us population info,wikipedia us population info,282,http://en.wikipedia.org/wiki/List_of_United_States_cities_by_population,El Cajon,California,102211,102211,32.8017°N 116.9605°W
webpage/url:http://en.wikipedia.org/wiki/List_of_United_States_cities_by_population|,283,wikipedia us population info,wikipedia us population info,283,http://en.wikipedia.org/wiki/List_of_United_States_cities_by_population,Davenport,Iowa,102157,102157,41.5541°N 90.6040°W
webpage/url:http://en.wikipedia.org/wiki/List_of_United_States_cities_by_population|,284,wikipedia us population info,wikipedia us population info,284,http://en.wikipedia.org/wiki/List_of_United_States_cities_by_population,Rialto,California,101910,101910,34.1118°N 117.3883°W
webpage/url:http://en.wikipedia.org/wiki/List_of_United_States_cities_by_population|,285,wikipedia us population info,wikipedia us population info,285,http://en.wikipedia.org/wiki/List_of_United_States_cities_by_population,Las Cruces,New Mexico,101324,101324,32.3197°N 106.7653°W
webpage/url:http://en.wikipedia.org/wiki/List_of_United_States_cities_by_population|,286,wikipedia us population info,wikipedia us population info,286,http://en.wikipedia.org/wiki/List_of_United_States_cities_by_population,San Mateo,California,101128,101128,37.5542°N 122.3131°W
webpage/url:http://en.wikipedia.org/wiki/List_of_United_States_cities_by_population|,287,wikipedia us population info,wikipedia us population info,287,http://en.wikipedia.org/wiki/List_of_United_States_cities_by_population,Lewisville,Texas,101074,101074,33.0383°N 97.0061°W
webpage/url:http://en.wikipedia.org/wiki/List_of_United_States_cities_by_population|,288,wikipedia us population info,wikipedia us population info,288,http://en.wikipedia.org/wiki/List_of_United_States_cities_by_population,South Bend,Indiana,100886,100886,41.6769°N 86.2690°W
webpage/url:http://en.wikipedia.org/wiki/List_of_United_States_cities_by_population|,289,wikipedia us population info,wikipedia us population info,289,http://en.wikipedia.org/wiki/List_of_United_States_cities_by_population,Lakeland,Florida,100710,100710,28.0411°N 81.9589°W
webpage/url:http://en.wikipedia.org/wiki/List_of_United_States_cities_by_population|,290,wikipedia us population info,wikipedia us population info,290,http://en.wikipedia.org/wiki/List_of_United_States_cities_by_population,Erie,Pennsylvania,100671,100671,42.1166°N 80.0735°W
webpage/url:http://en.wikipedia.org/wiki/List_of_United_States_cities_by_population|,291,wikipedia us population info,wikipedia us population info,291,http://en.wikipedia.org/wiki/List_of_United_States_cities_by_population,Tyler,Texas,100223,100223,32.35°N 95.30°W
webpage/url:http://en.wikipedia.org/wiki/List_of_United_States_cities_by_population|,292,wikipedia us population info,wikipedia us population info,292,http://en.wikipedia.org/wiki/List_of_United_States_cities_by_population,Pearland,Texas,100065,100065,29.5544°N 95.2958°W
webpage/url:http://en.wikipedia.org/wiki/List_of_United_States_cities_by_population|,293,wikipedia us population info,wikipedia us population info,293,http://en.wikipedia.org/wiki/List_of_United_States_cities_by_population,College Station,Texas,100050,100050,29.5544°N 95.2958°W